{
  "project_info": {
    "project_number": "374778589202",
    "project_id": "clinica-98766",
    "storage_bucket": "clinica-98766.firebasestorage.app"
  },
  "client": [
    {
      "client_info": {
        "mobilesdk_app_id": "1:374778589202:android:9de998241db4c65c6be8cb",
        "android_client_info": {
          "package_name": "br.edu.fatecpg.clinica"
        }
      },
      "oauth_client": [],
      "api_key": [
        {
          "current_key": "AIzaSyCpM-K1xTHnL9O33vRklIuii-bFNMRBu-w"
        }
      ],
      "services": {
        "appinvite_service": {
          "other_platform_oauth_client": []
        }
      }
    }
  ],
  "configuration_version": "1"
}